{
  "A": {
    "f1-score": 0.0013812154696132596,
    "precision": 0.0007639419404125286,
    "recall": 0.007194244604316547,
    "sensitivity": 0.007194244604316547,
    "specificity": 0.8873385012919897,
    "support": 139.0
  },
  "L": {
    "f1-score": 0.0,
    "precision": 0.0,
    "recall": 0.0,
    "sensitivity": 0.0,
    "specificity": 0.9334434512242519,
    "support": 1457.0
  },
  "N": {
    "f1-score": 0.8975140554087923,
    "precision": 0.8935797140544915,
    "recall": 0.901483194992516,
    "sensitivity": 0.901483194992516,
    "specificity": 0.8206818181818182,
    "support": 7349.0
  },
  "R": {
    "f1-score": 0.06060606060606061,
    "precision": 0.3727810650887574,
    "recall": 0.032984293193717276,
    "sensitivity": 0.032984293193717276,
    "specificity": 0.989226547413355,
    "support": 1910.0
  },
  "V": {
    "f1-score": 0.4527071102413568,
    "precision": 0.31952117863720075,
    "recall": 0.7762863534675615,
    "sensitivity": 0.7762863534675615,
    "specificity": 0.863841547673883,
    "support": 894.0
  },
  "accuracy": 0.6283939058643289,
  "macro avg": {
    "f1-score": 0.2824416883451646,
    "precision": 0.31732917994417253,
    "recall": 0.34358961725162224,
    "support": 11749.0
  },
  "weighted avg": {
    "f1-score": 0.6057111681388065,
    "precision": 0.643857968723922,
    "recall": 0.6283939058643289,
    "support": 11749.0
  }
}