epoch,train_loss,val_loss,val_accuracy,val_macro_f1,learning_rate
1,1.4995792954762777,1.5552913066300005,0.11905669972031528,0.0778157697433918,0.001
2,1.2711972150802613,1.5821289633661926,0.13615560640732266,0.1063119847940783,0.001
