{
  "accuracy": 0.7126841609206805,
  "fold": 4,
  "macro_f1": 0.44388439970028826,
  "overlap_count": 0,
  "test_record_count": 9,
  "test_records": [
    "105",
    "118",
    "119",
    "123",
    "202",
    "203",
    "207",
    "222",
    "234"
  ],
  "train_record_count": 39,
  "weighted_f1": 0.7536298345136672
}