{
  "accuracy": 0.8271929824561404,
  "fold": 1,
  "macro_f1": 0.4655271074523307,
  "overlap_count": 0,
  "test_record_count": 12,
  "test_records": [
    "100",
    "101",
    "102",
    "104",
    "107",
    "109",
    "111",
    "200",
    "201",
    "215",
    "217",
    "228"
  ],
  "train_record_count": 36,
  "weighted_f1": 0.824673319983655
}