{
  "accuracy": 0.8845333201012257,
  "fold": 3,
  "macro_f1": 0.7796061452234987,
  "overlap_count": 0,
  "test_record_count": 9,
  "test_records": [
    "113",
    "116",
    "121",
    "205",
    "209",
    "214",
    "220",
    "223",
    "231"
  ],
  "train_record_count": 39,
  "weighted_f1": 0.8898468251915935
}