{
  "accuracy": 0.8249677611348081,
  "fold": 5,
  "macro_f1": 0.3622288237144126,
  "overlap_count": 0,
  "test_record_count": 9,
  "test_records": [
    "103",
    "108",
    "115",
    "117",
    "122",
    "208",
    "212",
    "213",
    "219"
  ],
  "train_record_count": 39,
  "weighted_f1": 0.8442904562897681
}