{
  "accuracy": 0.7527036412342494,
  "fold": 2,
  "macro_f1": 0.568770994344757,
  "overlap_count": 0,
  "test_record_count": 9,
  "test_records": [
    "106",
    "112",
    "114",
    "124",
    "210",
    "221",
    "230",
    "232",
    "233"
  ],
  "train_record_count": 39,
  "weighted_f1": 0.7923810405899057
}