epoch,train_loss,val_loss,val_accuracy,val_macro_f1,learning_rate
1,1.4615699990590414,1.6109119316957514,0.13501144164759726,0.047837311730815915,0.001
2,1.238402590115865,1.6209162624622464,0.13596491228070176,0.0636245813767877,0.001
