true_label,count,accuracy,mean_confidence,median_confidence,mean_true_class_probability
A,139,0.007194244604316547,0.8425975149269584,0.9737116098403931,0.12334396208388557
L,1457,0.0,0.609228733198317,0.6171696782112122,0.04246723425026759
N,7349,0.901483194992516,0.5805152584572425,0.5520213842391968,0.546853997113159
R,1910,0.032984293193717276,0.6968824265749043,0.887938529253006,0.05891451093687325
V,894,0.7762863534675615,0.7626073985408484,0.885391891002655,0.8771214634971798
