pred_label,count,accuracy,mean_confidence,median_confidence,mean_true_class_probability
A,1309,0.0007639419404125286,0.9037820726883512,0.9411790370941162,0.03866654101932365
L,685,0.0,0.4496825218418219,0.48767736554145813,0.43615103358008567
N,7414,0.8935797140544915,0.5440416849450197,0.5108049213886261,0.5259584997214608
R,169,0.3727810650887574,0.5520871443861335,0.511307418346405,0.24986340190881876
V,2172,0.31952117863720075,0.7669794484835742,0.8223702013492584,0.32387739779864533
