class,support,false_negative_count,false_negative_rate,predicted_as_V,predicted_as_A,predicted_as_L,predicted_as_R,predicted_as_N
N,7349,724,0.09851680500748401,185.0,22.0,499.0,18.0,
V,894,200,0.22371364653243847,,2.0,185.0,0.0,13.0
A,139,138,0.9928057553956835,109.0,,1.0,0.0,28.0
L,1457,1457,1.0,1173.0,28.0,,88.0,168.0
R,1910,1847,0.9670157068062827,11.0,1256.0,0.0,,580.0
