{
  "overall": {
    "counts": {
      "A": 2546,
      "L": 8071,
      "N": 75011,
      "R": 7255,
      "V": 7129
    },
    "percentages": {
      "A": 2.5456945166580014,
      "L": 8.070031596208455,
      "N": 75.0019997600288,
      "R": 7.254129504459465,
      "V": 7.128144622645283
    },
    "total": 100012
  },
  "test": {
    "counts": {
      "A": 139,
      "L": 1457,
      "N": 7349,
      "R": 1910,
      "V": 894
    },
    "percentages": {
      "A": 1.1830794110137033,
      "L": 12.401055408970976,
      "N": 62.55000425568134,
      "R": 16.256702698101964,
      "V": 7.60915822623202
    },
    "total": 11749
  },
  "train": {
    "counts": {
      "A": 1950,
      "L": 4000,
      "N": 4000,
      "R": 3815,
      "V": 4000
    },
    "percentages": {
      "A": 10.976639459611595,
      "L": 22.516183506895583,
      "N": 22.516183506895583,
      "R": 21.47481001970166,
      "V": 22.516183506895583
    },
    "total": 17765
  },
  "validation": {
    "counts": {
      "A": 457,
      "L": 2123,
      "N": 10580,
      "R": 1530,
      "V": 1042
    },
    "percentages": {
      "A": 2.9049071955250443,
      "L": 13.494787693872363,
      "N": 67.2514619883041,
      "R": 9.725400457665904,
      "V": 6.623442664632597
    },
    "total": 15732
  }
}