{
  "counts": {
    "A": 1309,
    "L": 685,
    "N": 7414,
    "R": 169,
    "V": 2172
  },
  "percentages": {
    "A": 11.141373733934804,
    "L": 5.830283428376883,
    "N": 63.103242829176956,
    "R": 1.4384202910886035,
    "V": 18.48667971742276
  },
  "total": 11749
}