class,count,percentage
N,7414,63.103242829176956
V,2172,18.48667971742276
A,1309,11.141373733934804
L,685,5.830283428376883
R,169,1.4384202910886035
