class,samples,failures,failure_rate
N,7349,1872,0.25472853449448907
V,894,13,0.0145413870246085
A,139,119,0.8561151079136691
L,1457,1457,1.0
R,1910,1854,0.9706806282722513
