{
  "A": {
    "f1-score": 0.0,
    "precision": 0.0,
    "recall": 0.0,
    "sensitivity": 0.0,
    "specificity": 0.9977605512489234,
    "support": 139.0
  },
  "L": {
    "f1-score": 0.0,
    "precision": 0.0,
    "recall": 0.0,
    "sensitivity": 0.0,
    "specificity": 0.9999028371550719,
    "support": 1457.0
  },
  "N": {
    "f1-score": 0.836122693779631,
    "precision": 0.7205158495766883,
    "recall": 0.9959178119472037,
    "sensitivity": 0.9959178119472037,
    "specificity": 0.3547727272727273,
    "support": 7349.0
  },
  "R": {
    "f1-score": 0.05879371515458692,
    "precision": 0.9206349206349206,
    "recall": 0.030366492146596858,
    "sensitivity": 0.030366492146596858,
    "specificity": 0.9994918182742148,
    "support": 1910.0
  },
  "V": {
    "f1-score": 0.7106471816283925,
    "precision": 0.5669553630912725,
    "recall": 0.9519015659955258,
    "sensitivity": 0.9519015659955258,
    "specificity": 0.9401197604790419,
    "support": 894.0
  },
  "accuracy": 0.7003149204187591,
  "macro avg": {
    "f1-score": 0.32111271811252207,
    "precision": 0.4416212266605763,
    "recall": 0.3956371740178653,
    "support": 11749.0
  },
  "weighted avg": {
    "f1-score": 0.5866269685000896,
    "precision": 0.6434881072053263,
    "recall": 0.7003149204187591,
    "support": 11749.0
  }
}