{
  "A": {
    "f1-score": 0.0,
    "precision": 0.0,
    "recall": 0.0,
    "sensitivity": 0.0,
    "specificity": 0.9967269595176572,
    "support": 139.0
  },
  "L": {
    "f1-score": 0.002768439786434645,
    "precision": 0.0019444444444444444,
    "recall": 0.004804392587508579,
    "sensitivity": 0.004804392587508579,
    "specificity": 0.6508938981733385,
    "support": 1457.0
  },
  "N": {
    "f1-score": 0.004603303547251557,
    "precision": 0.4594594594594595,
    "recall": 0.0023132398965845695,
    "sensitivity": 0.0023132398965845695,
    "specificity": 0.9954545454545455,
    "support": 7349.0
  },
  "R": {
    "f1-score": 0.37094188376753506,
    "precision": 0.22936802973977696,
    "recall": 0.9691099476439791,
    "sensitivity": 0.9691099476439791,
    "specificity": 0.3679235694684419,
    "support": 1910.0
  },
  "V": {
    "f1-score": 0.0022271714922048997,
    "precision": 0.25,
    "recall": 0.0011185682326621924,
    "sensitivity": 0.0011185682326621924,
    "specificity": 0.9997236296637494,
    "support": 894.0
  },
  "accuracy": 0.15967316367350412,
  "macro avg": {
    "f1-score": 0.07610815971868523,
    "precision": 0.18815438672873616,
    "recall": 0.1954692296721469,
    "support": 11749.0
  },
  "weighted avg": {
    "f1-score": 0.06369507054622608,
    "precision": 0.34394361732284423,
    "recall": 0.15967316367350412,
    "support": 11749.0
  }
}