{
  "accuracy": 0.5519618690952421,
  "anti_collapse_check": {
    "max_pred_class": "N",
    "max_pred_percentage": 51.00859647629585,
    "status": "passed",
    "unique_classes_predicted": 5,
    "warnings": []
  },
  "checkpoint": "C:\\Users\\Preethve\\Documents\\Codex\\2026-05-13\\github-plugin-github-openai-curated-https\\ecg-ai-platform\\artifacts\\models\\candidates\\cnn_lstm_maxabs_focal_balanced.pt",
  "class_distribution": {
    "real_mitbih": true,
    "sampling_rate": 360,
    "source": "mitbih",
    "split_strategy": "record_id",
    "test": {
      "counts": {
        "A": 139,
        "L": 1457,
        "N": 7349,
        "R": 1910,
        "V": 894
      },
      "percentages": {
        "A": 1.1831,
        "L": 12.4011,
        "N": 62.55,
        "R": 16.2567,
        "V": 7.6092
      },
      "total": 11749
    },
    "train": {
      "counts": {
        "A": 1950,
        "L": 2500,
        "N": 2500,
        "R": 2500,
        "V": 2500
      },
      "percentages": {
        "A": 16.318,
        "L": 20.9205,
        "N": 20.9205,
        "R": 20.9205,
        "V": 20.9205
      },
      "total": 11950
    },
    "validation": {
      "counts": {
        "A": 457,
        "L": 2123,
        "N": 10580,
        "R": 1530,
        "V": 1042
      },
      "percentages": {
        "A": 2.9049,
        "L": 13.4948,
        "N": 67.2515,
        "R": 9.7254,
        "V": 6.6234
      },
      "total": 15732
    },
    "warnings": []
  },
  "classification_report": {
    "A": {
      "f1-score": 0.015275504637206765,
      "precision": 0.008264462809917356,
      "recall": 0.10071942446043165,
      "sensitivity": 0.10071942446043165,
      "specificity": 0.8552971576227391,
      "support": 139.0
    },
    "L": {
      "f1-score": 0.002561639449247518,
      "precision": 0.0024009603841536613,
      "recall": 0.002745367192862045,
      "sensitivity": 0.002745367192862045,
      "specificity": 0.8385153517294986,
      "support": 1457.0
    },
    "N": {
      "f1-score": 0.8390046469794633,
      "precision": 0.9339229100617387,
      "recall": 0.7616002177166962,
      "sensitivity": 0.7616002177166962,
      "specificity": 0.91,
      "support": 7349.0
    },
    "R": {
      "f1-score": 0.04136572554169402,
      "precision": 0.05545774647887324,
      "recall": 0.032984293193717276,
      "sensitivity": 0.032984293193717276,
      "specificity": 0.8909442016465088,
      "support": 1910.0
    },
    "V": {
      "f1-score": 0.7493036211699164,
      "precision": 0.6404761904761904,
      "recall": 0.9026845637583892,
      "sensitivity": 0.9026845637583892,
      "specificity": 0.9582680792261631,
      "support": 894.0
    },
    "accuracy": 0.5519618690952421,
    "macro avg": {
      "f1-score": 0.3295022275555056,
      "precision": 0.3281044540421747,
      "recall": 0.3601467732644193,
      "support": 11749.0
    },
    "weighted avg": {
      "f1-score": 0.5890362352187201,
      "precision": 0.642314787276736,
      "recall": 0.5519618690952421,
      "support": 11749.0
    }
  },
  "disclaimer": "Research and education demo only. Not for clinical diagnosis, treatment, monitoring, or medical decision-making.",
  "low_confidence_summary": {
    "count": 2210,
    "percentage": 18.810111498850965,
    "threshold": 0.6
  },
  "macro_f1": 0.3295022275555056,
  "model_info": {
    "class_names": [
      "N",
      "V",
      "A",
      "L",
      "R"
    ],
    "disclaimer": "Research and education demo only. Not for clinical diagnosis, treatment, monitoring, or medical decision-making.",
    "fallback_used": false,
    "input_size": 360,
    "loaded_checkpoint": "C:\\Users\\Preethve\\Documents\\Codex\\2026-05-13\\github-plugin-github-openai-curated-https\\ecg-ai-platform\\artifacts\\models\\candidates\\cnn_lstm_maxabs_focal_balanced.pt",
    "model_hash": "4b747a96ffe119b1411fab8195af31535c660f20169bbd3d4f0debdddc3953c5",
    "model_type": "cnn_lstm",
    "requested_checkpoint": "C:\\Users\\Preethve\\Documents\\Codex\\2026-05-13\\github-plugin-github-openai-curated-https\\ecg-ai-platform\\artifacts\\models\\candidates\\cnn_lstm_maxabs_focal_balanced.pt",
    "runtime": "pytorch",
    "thresholds_loaded": true,
    "warnings": []
  },
  "note": "Metrics computed on configured MIT-BIH split.",
  "precision_macro": 0.3281044540421747,
  "real_mitbih": true,
  "recall_macro": 0.3601467732644193,
  "record_count": 48,
  "roc_auc_ovr_macro": 0.6170989694114775,
  "runtime": "pytorch",
  "sample_count": 11749,
  "sampling_rate": 360,
  "source": "mitbih",
  "split_strategy": "record_id",
  "warnings": [
    "Skipping MIT-BIH record(s) with missing WFDB files: 102-0."
  ],
  "weighted_f1": 0.5890362352187201
}