epoch,train_loss,val_loss,val_accuracy,val_macro_f1,learning_rate
1,1.6092787857055664,1.5721015855310043,0.7051233155352149,0.2659101156978573,0.001
2,1.6008346668879192,1.5665543040579402,0.7310577167556572,0.34914501400065073,0.001
