{
  "accuracy": 0.7003149204187591,
  "anti_collapse_check": {
    "max_pred_class": "N",
    "max_pred_percentage": 86.45842199336113,
    "status": "warning",
    "unique_classes_predicted": 5,
    "warnings": [
      "Model predicts N for 86.5% of samples; this indicates class collapse risk."
    ]
  },
  "checkpoint": "C:\\Users\\Preethve\\Documents\\Codex\\2026-05-13\\github-plugin-github-openai-curated-https\\ecg-ai-platform\\artifacts\\models\\candidates\\resnet1d_zscore_focal_balanced.pt",
  "class_distribution": {
    "real_mitbih": true,
    "sampling_rate": 360,
    "source": "mitbih",
    "split_strategy": "record_id",
    "test": {
      "counts": {
        "A": 139,
        "L": 1457,
        "N": 7349,
        "R": 1910,
        "V": 894
      },
      "percentages": {
        "A": 1.1831,
        "L": 12.4011,
        "N": 62.55,
        "R": 16.2567,
        "V": 7.6092
      },
      "total": 11749
    },
    "train": {
      "counts": {
        "A": 1950,
        "L": 2500,
        "N": 2500,
        "R": 2500,
        "V": 2500
      },
      "percentages": {
        "A": 16.318,
        "L": 20.9205,
        "N": 20.9205,
        "R": 20.9205,
        "V": 20.9205
      },
      "total": 11950
    },
    "validation": {
      "counts": {
        "A": 457,
        "L": 2123,
        "N": 10580,
        "R": 1530,
        "V": 1042
      },
      "percentages": {
        "A": 2.9049,
        "L": 13.4948,
        "N": 67.2515,
        "R": 9.7254,
        "V": 6.6234
      },
      "total": 15732
    },
    "warnings": []
  },
  "classification_report": {
    "A": {
      "f1-score": 0.0,
      "precision": 0.0,
      "recall": 0.0,
      "sensitivity": 0.0,
      "specificity": 0.9977605512489234,
      "support": 139.0
    },
    "L": {
      "f1-score": 0.0,
      "precision": 0.0,
      "recall": 0.0,
      "sensitivity": 0.0,
      "specificity": 0.9999028371550719,
      "support": 1457.0
    },
    "N": {
      "f1-score": 0.836122693779631,
      "precision": 0.7205158495766883,
      "recall": 0.9959178119472037,
      "sensitivity": 0.9959178119472037,
      "specificity": 0.3547727272727273,
      "support": 7349.0
    },
    "R": {
      "f1-score": 0.05879371515458692,
      "precision": 0.9206349206349206,
      "recall": 0.030366492146596858,
      "sensitivity": 0.030366492146596858,
      "specificity": 0.9994918182742148,
      "support": 1910.0
    },
    "V": {
      "f1-score": 0.7106471816283925,
      "precision": 0.5669553630912725,
      "recall": 0.9519015659955258,
      "sensitivity": 0.9519015659955258,
      "specificity": 0.9401197604790419,
      "support": 894.0
    },
    "accuracy": 0.7003149204187591,
    "macro avg": {
      "f1-score": 0.32111271811252207,
      "precision": 0.4416212266605763,
      "recall": 0.3956371740178653,
      "support": 11749.0
    },
    "weighted avg": {
      "f1-score": 0.5866269685000896,
      "precision": 0.6434881072053263,
      "recall": 0.7003149204187591,
      "support": 11749.0
    }
  },
  "disclaimer": "Research and education demo only. Not for clinical diagnosis, treatment, monitoring, or medical decision-making.",
  "low_confidence_summary": {
    "count": 3305,
    "percentage": 28.130053621584818,
    "threshold": 0.6
  },
  "macro_f1": 0.32111271811252207,
  "model_info": {
    "class_names": [
      "N",
      "V",
      "A",
      "L",
      "R"
    ],
    "disclaimer": "Research and education demo only. Not for clinical diagnosis, treatment, monitoring, or medical decision-making.",
    "fallback_used": false,
    "input_size": 360,
    "loaded_checkpoint": "C:\\Users\\Preethve\\Documents\\Codex\\2026-05-13\\github-plugin-github-openai-curated-https\\ecg-ai-platform\\artifacts\\models\\candidates\\resnet1d_zscore_focal_balanced.pt",
    "model_hash": "df0f2b0ecad61ca0bfb71533421025044f0c4c2c416b325a6486d067b6a035f6",
    "model_type": "resnet1d",
    "requested_checkpoint": "C:\\Users\\Preethve\\Documents\\Codex\\2026-05-13\\github-plugin-github-openai-curated-https\\ecg-ai-platform\\artifacts\\models\\candidates\\resnet1d_zscore_focal_balanced.pt",
    "runtime": "pytorch",
    "thresholds_loaded": true,
    "warnings": []
  },
  "note": "Metrics computed on configured MIT-BIH split.",
  "precision_macro": 0.4416212266605763,
  "real_mitbih": true,
  "recall_macro": 0.3956371740178653,
  "record_count": 48,
  "roc_auc_ovr_macro": 0.7409437349222249,
  "runtime": "pytorch",
  "sample_count": 11749,
  "sampling_rate": 360,
  "source": "mitbih",
  "split_strategy": "record_id",
  "warnings": [
    "Skipping MIT-BIH record(s) with missing WFDB files: 102-0.",
    "Model predicts N for 86.5% of samples; this indicates class collapse risk."
  ],
  "weighted_f1": 0.5866269685000896
}