{
  "accuracy": 0.7324878713081965,
  "anti_collapse_check": {
    "max_pred_class": "N",
    "max_pred_percentage": 76.56821857179335,
    "status": "warning",
    "unique_classes_predicted": 3,
    "warnings": [
      "Model never predicts classes: V, A."
    ]
  },
  "checkpoint": "artifacts/models/model_comparison/resnet1d_best_model.pt",
  "class_distribution": {
    "real_mitbih": true,
    "sampling_rate": 360,
    "source": "mitbih",
    "split_strategy": "record_id",
    "test": {
      "counts": {
        "A": 139,
        "L": 1457,
        "N": 7349,
        "R": 1910,
        "V": 894
      },
      "percentages": {
        "A": 1.1831,
        "L": 12.4011,
        "N": 62.55,
        "R": 16.2567,
        "V": 7.6092
      },
      "total": 11749
    },
    "train": {
      "counts": {
        "A": 300,
        "L": 300,
        "N": 300,
        "R": 300,
        "V": 300
      },
      "percentages": {
        "A": 20.0,
        "L": 20.0,
        "N": 20.0,
        "R": 20.0,
        "V": 20.0
      },
      "total": 1500
    },
    "validation": {
      "counts": {
        "A": 457,
        "L": 2123,
        "N": 10580,
        "R": 1530,
        "V": 1042
      },
      "percentages": {
        "A": 2.9049,
        "L": 13.4948,
        "N": 67.2515,
        "R": 9.7254,
        "V": 6.6234
      },
      "total": 15732
    },
    "warnings": []
  },
  "classification_report": {
    "A": {
      "f1-score": 0.0,
      "precision": 0.0,
      "recall": 0.0,
      "sensitivity": 0.0,
      "specificity": 1.0,
      "support": 139.0
    },
    "L": {
      "f1-score": 0.6823473509147066,
      "precision": 0.5218023255813954,
      "recall": 0.9855868222374743,
      "sensitivity": 0.9855868222374743,
      "specificity": 0.8721336960746211,
      "support": 1457.0
    },
    "N": {
      "f1-score": 0.877332517589477,
      "precision": 0.7970208981769675,
      "recall": 0.9756429446183155,
      "sensitivity": 0.9756429446183155,
      "specificity": 0.585,
      "support": 7349.0
    },
    "R": {
      "f1-score": 0.0,
      "precision": 0.0,
      "recall": 0.0,
      "sensitivity": 0.0,
      "specificity": 0.999898363654843,
      "support": 1910.0
    },
    "V": {
      "f1-score": 0.0,
      "precision": 0.0,
      "recall": 0.0,
      "sensitivity": 0.0,
      "specificity": 1.0,
      "support": 894.0
    },
    "accuracy": 0.7324878713081965,
    "macro avg": {
      "f1-score": 0.3119359737008367,
      "precision": 0.2637646447516726,
      "recall": 0.392245953371158,
      "support": 11749.0
    },
    "weighted avg": {
      "f1-score": 0.6333898001572724,
      "precision": 0.5632456012490108,
      "recall": 0.7324878713081965,
      "support": 11749.0
    }
  },
  "disclaimer": "Research and education demo only. Not for clinical diagnosis, treatment, monitoring, or medical decision-making.",
  "low_confidence_summary": {
    "count": 9304,
    "percentage": 79.18971827389565,
    "threshold": 0.6
  },
  "macro_f1": 0.3119359737008367,
  "model_info": {
    "class_names": [
      "N",
      "V",
      "A",
      "L",
      "R"
    ],
    "disclaimer": "Research and education demo only. Not for clinical diagnosis, treatment, monitoring, or medical decision-making.",
    "fallback_used": false,
    "input_size": 360,
    "loaded_checkpoint": "artifacts\\models\\model_comparison\\resnet1d_best_model.pt",
    "model_hash": "ac6a989a5da952608379392e707289ed1d8682048b593f01709afd0251d2b24a",
    "model_type": "resnet1d",
    "requested_checkpoint": "artifacts\\models\\model_comparison\\resnet1d_best_model.pt",
    "runtime": "pytorch",
    "thresholds_loaded": false,
    "warnings": []
  },
  "note": "Metrics computed on configured MIT-BIH split.",
  "precision_macro": 0.2637646447516726,
  "real_mitbih": true,
  "recall_macro": 0.392245953371158,
  "record_count": 48,
  "roc_auc_ovr_macro": 0.8894001175007891,
  "runtime": "pytorch",
  "sample_count": 11749,
  "sampling_rate": 360,
  "source": "mitbih",
  "split_strategy": "record_id",
  "warnings": [
    "Skipping MIT-BIH record(s) with missing WFDB files: 102-0.",
    "Model never predicts classes: V, A."
  ],
  "weighted_f1": 0.6333898001572724
}