epoch,train_loss,val_loss,val_accuracy,val_macro_f1,learning_rate
1,0.22859165790190755,0.8661606202757817,0.7009916094584286,0.41224896259135163,0.0007
2,0.08069444971728025,1.0845845714173576,0.7434528349860158,0.4336428631262148,0.0007
3,0.04962489655919404,1.3749458757403195,0.6571955250444953,0.3385853848180764,0.0007
4,0.04227256190203224,1.3171310150423274,0.5683956267480295,0.332563797081251,0.0007
5,0.040021383232090264,1.405752554768874,0.5901983218916858,0.3363432570735879,0.0007
