{
  "A_f1": 0.0,
  "A_recall": 0.0,
  "L_f1": 0.0,
  "L_recall": 0.0,
  "N_f1": 0.7397680763983628,
  "N_recall": 0.5902843924343448,
  "R_f1": 0.0,
  "R_recall": 0.0,
  "V_f1": 0.23665338645418327,
  "V_recall": 0.9966442953020134,
  "accuracy": 0.4450591539705507,
  "best_val_macro_f1": 0.34914501400065073,
  "checkpoint": "artifacts/models/model_comparison/baseline_cnn_best_model.pt",
  "epochs_ran": 2,
  "limited_budget": true,
  "macro_f1": 0.19528429257050922,
  "model_type": "baseline_cnn",
  "roc_auc_ovr_macro": 0.6536063048080498,
  "training_capped": true,
  "weighted_f1": 0.48073229389238303
}