{
  "A_f1": 0.0,
  "A_recall": 0.0,
  "L_f1": 0.002768439786434645,
  "L_recall": 0.004804392587508579,
  "N_f1": 0.004603303547251557,
  "N_recall": 0.0023132398965845695,
  "R_f1": 0.37094188376753506,
  "R_recall": 0.9691099476439791,
  "V_f1": 0.0022271714922048997,
  "V_recall": 0.0011185682326621924,
  "accuracy": 0.15967316367350412,
  "best_val_macro_f1": 0.1063119847940783,
  "checkpoint": "artifacts/models/model_comparison/cnn_lstm_best_model.pt",
  "epochs_ran": 2,
  "limited_budget": true,
  "macro_f1": 0.07610815971868523,
  "model_type": "cnn_lstm",
  "roc_auc_ovr_macro": 0.6530606476373462,
  "training_capped": true,
  "weighted_f1": 0.06369507054622608
}