A_f1,A_recall,L_f1,L_recall,N_f1,N_recall,R_f1,R_recall,V_f1,V_recall,accuracy,best_val_macro_f1,checkpoint,epochs_ran,limited_budget,macro_f1,model_type,roc_auc_ovr_macro,training_capped,weighted_f1
0.0,0.0,0.6823473509147066,0.9855868222374743,0.877332517589477,0.9756429446183155,0.0,0.0,0.0,0.0,0.7324878713081965,0.17534765179961992,artifacts/models/model_comparison/resnet1d_best_model.pt,2,True,0.3119359737008367,resnet1d,0.8894001175007891,True,0.6333898001572724
0.0,0.0,0.0,0.0,0.7397680763983628,0.5902843924343448,0.0,0.0,0.23665338645418327,0.9966442953020134,0.4450591539705507,0.34914501400065073,artifacts/models/model_comparison/baseline_cnn_best_model.pt,2,True,0.19528429257050922,baseline_cnn,0.6536063048080498,True,0.48073229389238303
0.0,0.0,0.002768439786434645,0.004804392587508579,0.004603303547251557,0.0023132398965845695,0.37094188376753506,0.9691099476439791,0.0022271714922048997,0.0011185682326621924,0.15967316367350412,0.1063119847940783,artifacts/models/model_comparison/cnn_lstm_best_model.pt,2,True,0.07610815971868523,cnn_lstm,0.6530606476373462,True,0.06369507054622608
0.0,0.0,0.1018149623727313,0.394646533973919,0.0,0.0,0.15026178010471203,0.15026178010471203,0.0,0.0,0.07336794620818793,0.0636245813767877,artifacts/models/model_comparison/inceptiontime_best_model.pt,2,True,0.05041534849548866,inceptiontime,0.6316730465509297,True,0.03705374075896412
