{
  "A_f1": 0.0,
  "A_recall": 0.0,
  "L_f1": 0.1018149623727313,
  "L_recall": 0.394646533973919,
  "N_f1": 0.0,
  "N_recall": 0.0,
  "R_f1": 0.15026178010471203,
  "R_recall": 0.15026178010471203,
  "V_f1": 0.0,
  "V_recall": 0.0,
  "accuracy": 0.07336794620818793,
  "best_val_macro_f1": 0.0636245813767877,
  "checkpoint": "artifacts/models/model_comparison/inceptiontime_best_model.pt",
  "epochs_ran": 2,
  "limited_budget": true,
  "macro_f1": 0.05041534849548866,
  "model_type": "inceptiontime",
  "roc_auc_ovr_macro": 0.6316730465509297,
  "training_capped": true,
  "weighted_f1": 0.03705374075896412
}