{
  "A_f1": 0.0,
  "A_recall": 0.0,
  "L_f1": 0.6823473509147066,
  "L_recall": 0.9855868222374743,
  "N_f1": 0.877332517589477,
  "N_recall": 0.9756429446183155,
  "R_f1": 0.0,
  "R_recall": 0.0,
  "V_f1": 0.0,
  "V_recall": 0.0,
  "accuracy": 0.7324878713081965,
  "best_val_macro_f1": 0.17534765179961992,
  "checkpoint": "artifacts/models/model_comparison/resnet1d_best_model.pt",
  "epochs_ran": 2,
  "limited_budget": true,
  "macro_f1": 0.3119359737008367,
  "model_type": "resnet1d",
  "roc_auc_ovr_macro": 0.8894001175007891,
  "training_capped": true,
  "weighted_f1": 0.6333898001572724
}