{
  "best_model_type": "resnet1d",
  "limited_budget": true,
  "note": "Each architecture is trained in an isolated subprocess using compare_epochs and compare_max_train_samples_per_class from config.",
  "rows": [
    {
      "A_f1": 0.0,
      "A_recall": 0.0,
      "L_f1": 0.0,
      "L_recall": 0.0,
      "N_f1": 0.7397680763983628,
      "N_recall": 0.5902843924343448,
      "R_f1": 0.0,
      "R_recall": 0.0,
      "V_f1": 0.23665338645418327,
      "V_recall": 0.9966442953020134,
      "accuracy": 0.4450591539705507,
      "best_val_macro_f1": 0.34914501400065073,
      "checkpoint": "artifacts/models/model_comparison/baseline_cnn_best_model.pt",
      "epochs_ran": 2,
      "limited_budget": true,
      "macro_f1": 0.19528429257050922,
      "model_type": "baseline_cnn",
      "roc_auc_ovr_macro": 0.6536063048080498,
      "training_capped": true,
      "weighted_f1": 0.48073229389238303
    },
    {
      "A_f1": 0.0,
      "A_recall": 0.0,
      "L_f1": 0.6823473509147066,
      "L_recall": 0.9855868222374743,
      "N_f1": 0.877332517589477,
      "N_recall": 0.9756429446183155,
      "R_f1": 0.0,
      "R_recall": 0.0,
      "V_f1": 0.0,
      "V_recall": 0.0,
      "accuracy": 0.7324878713081965,
      "best_val_macro_f1": 0.17534765179961992,
      "checkpoint": "artifacts/models/model_comparison/resnet1d_best_model.pt",
      "epochs_ran": 2,
      "limited_budget": true,
      "macro_f1": 0.3119359737008367,
      "model_type": "resnet1d",
      "roc_auc_ovr_macro": 0.8894001175007891,
      "training_capped": true,
      "weighted_f1": 0.6333898001572724
    },
    {
      "A_f1": 0.0,
      "A_recall": 0.0,
      "L_f1": 0.1018149623727313,
      "L_recall": 0.394646533973919,
      "N_f1": 0.0,
      "N_recall": 0.0,
      "R_f1": 0.15026178010471203,
      "R_recall": 0.15026178010471203,
      "V_f1": 0.0,
      "V_recall": 0.0,
      "accuracy": 0.07336794620818793,
      "best_val_macro_f1": 0.0636245813767877,
      "checkpoint": "artifacts/models/model_comparison/inceptiontime_best_model.pt",
      "epochs_ran": 2,
      "limited_budget": true,
      "macro_f1": 0.05041534849548866,
      "model_type": "inceptiontime",
      "roc_auc_ovr_macro": 0.6316730465509297,
      "training_capped": true,
      "weighted_f1": 0.03705374075896412
    },
    {
      "A_f1": 0.0,
      "A_recall": 0.0,
      "L_f1": 0.002768439786434645,
      "L_recall": 0.004804392587508579,
      "N_f1": 0.004603303547251557,
      "N_recall": 0.0023132398965845695,
      "R_f1": 0.37094188376753506,
      "R_recall": 0.9691099476439791,
      "V_f1": 0.0022271714922048997,
      "V_recall": 0.0011185682326621924,
      "accuracy": 0.15967316367350412,
      "best_val_macro_f1": 0.1063119847940783,
      "checkpoint": "artifacts/models/model_comparison/cnn_lstm_best_model.pt",
      "epochs_ran": 2,
      "limited_budget": true,
      "macro_f1": 0.07610815971868523,
      "model_type": "cnn_lstm",
      "roc_auc_ovr_macro": 0.6530606476373462,
      "training_capped": true,
      "weighted_f1": 0.06369507054622608
    }
  ],
  "selection_metric": "macro_f1",
  "training_capped": true
}