epoch,train_loss,val_loss,val_accuracy,val_macro_f1,learning_rate
1,0.616810898042623,1.5881366240532684,0.08454106280193237,0.14101474656855933,0.0008
2,0.31634114505356825,0.8035163934407209,0.727815916603102,0.38130123396184407,0.0008
3,0.22034069326881583,2.0611591377453498,0.4274091024663107,0.27502082533631145,0.0008
4,0.18389243968485788,1.9449064278160073,0.036422578184591915,0.045941570356338716,0.0008
5,0.15885611670785368,1.0923661777620366,0.7154207983727434,0.3597163867784333,0.0008
