epoch,train_loss,val_loss,val_accuracy,val_macro_f1,learning_rate
1,1.0668891609509785,1.2308897919367507,0.6724510551741673,0.16122974645934346,0.001
2,0.5484471379121144,1.161347532678493,0.6721332316297991,0.17534765179961992,0.001
