{
  "A": {
    "f1-score": 0.015275504637206765,
    "precision": 0.008264462809917356,
    "recall": 0.10071942446043165,
    "sensitivity": 0.10071942446043165,
    "specificity": 0.8552971576227391,
    "support": 139.0
  },
  "L": {
    "f1-score": 0.002561639449247518,
    "precision": 0.0024009603841536613,
    "recall": 0.002745367192862045,
    "sensitivity": 0.002745367192862045,
    "specificity": 0.8385153517294986,
    "support": 1457.0
  },
  "N": {
    "f1-score": 0.8390046469794633,
    "precision": 0.9339229100617387,
    "recall": 0.7616002177166962,
    "sensitivity": 0.7616002177166962,
    "specificity": 0.91,
    "support": 7349.0
  },
  "R": {
    "f1-score": 0.04136572554169402,
    "precision": 0.05545774647887324,
    "recall": 0.032984293193717276,
    "sensitivity": 0.032984293193717276,
    "specificity": 0.8909442016465088,
    "support": 1910.0
  },
  "V": {
    "f1-score": 0.7493036211699164,
    "precision": 0.6404761904761904,
    "recall": 0.9026845637583892,
    "sensitivity": 0.9026845637583892,
    "specificity": 0.9582680792261631,
    "support": 894.0
  },
  "accuracy": 0.5519618690952421,
  "macro avg": {
    "f1-score": 0.3295022275555056,
    "precision": 0.3281044540421747,
    "recall": 0.3601467732644193,
    "support": 11749.0
  },
  "weighted avg": {
    "f1-score": 0.5890362352187201,
    "precision": 0.642314787276736,
    "recall": 0.5519618690952421,
    "support": 11749.0
  }
}