{
  "accuracy": 0.07336794620818793,
  "anti_collapse_check": {
    "max_pred_class": "L",
    "max_pred_percentage": 83.73478593922887,
    "status": "warning",
    "unique_classes_predicted": 3,
    "warnings": [
      "Model never predicts classes: N, A."
    ]
  },
  "checkpoint": "artifacts/models/model_comparison/inceptiontime_best_model.pt",
  "class_distribution": {
    "real_mitbih": true,
    "sampling_rate": 360,
    "source": "mitbih",
    "split_strategy": "record_id",
    "test": {
      "counts": {
        "A": 139,
        "L": 1457,
        "N": 7349,
        "R": 1910,
        "V": 894
      },
      "percentages": {
        "A": 1.1831,
        "L": 12.4011,
        "N": 62.55,
        "R": 16.2567,
        "V": 7.6092
      },
      "total": 11749
    },
    "train": {
      "counts": {
        "A": 300,
        "L": 300,
        "N": 300,
        "R": 300,
        "V": 300
      },
      "percentages": {
        "A": 20.0,
        "L": 20.0,
        "N": 20.0,
        "R": 20.0,
        "V": 20.0
      },
      "total": 1500
    },
    "validation": {
      "counts": {
        "A": 457,
        "L": 2123,
        "N": 10580,
        "R": 1530,
        "V": 1042
      },
      "percentages": {
        "A": 2.9049,
        "L": 13.4948,
        "N": 67.2515,
        "R": 9.7254,
        "V": 6.6234
      },
      "total": 15732
    },
    "warnings": []
  },
  "classification_report": {
    "A": {
      "f1-score": 0.0,
      "precision": 0.0,
      "recall": 0.0,
      "sensitivity": 0.0,
      "specificity": 1.0,
      "support": 139.0
    },
    "L": {
      "f1-score": 0.1018149623727313,
      "precision": 0.05844683878837162,
      "recall": 0.394646533973919,
      "sensitivity": 0.394646533973919,
      "specificity": 0.09998056743101438,
      "support": 1457.0
    },
    "N": {
      "f1-score": 0.0,
      "precision": 0.0,
      "recall": 0.0,
      "sensitivity": 0.0,
      "specificity": 1.0,
      "support": 7349.0
    },
    "R": {
      "f1-score": 0.15026178010471203,
      "precision": 0.15026178010471203,
      "recall": 0.15026178010471203,
      "sensitivity": 0.15026178010471203,
      "specificity": 0.8350442118101433,
      "support": 1910.0
    },
    "V": {
      "f1-score": 0.0,
      "precision": 0.0,
      "recall": 0.0,
      "sensitivity": 0.0,
      "specificity": 0.9999078765545831,
      "support": 894.0
    },
    "accuracy": 0.07336794620818793,
    "macro avg": {
      "f1-score": 0.05041534849548866,
      "precision": 0.04174172377861673,
      "recall": 0.10898166281572622,
      "support": 11749.0
    },
    "weighted avg": {
      "f1-score": 0.03705374075896412,
      "precision": 0.03167563572343667,
      "recall": 0.07336794620818793,
      "support": 11749.0
    }
  },
  "disclaimer": "Research and education demo only. Not for clinical diagnosis, treatment, monitoring, or medical decision-making.",
  "low_confidence_summary": {
    "count": 11749,
    "percentage": 100.0,
    "threshold": 0.6
  },
  "macro_f1": 0.05041534849548866,
  "model_info": {
    "class_names": [
      "N",
      "V",
      "A",
      "L",
      "R"
    ],
    "disclaimer": "Research and education demo only. Not for clinical diagnosis, treatment, monitoring, or medical decision-making.",
    "fallback_used": false,
    "input_size": 360,
    "loaded_checkpoint": "artifacts\\models\\model_comparison\\inceptiontime_best_model.pt",
    "model_hash": "b320c985996194c5ca63f2755898399f27297043e7e44bcfb2e2dec8021bc9b1",
    "model_type": "inceptiontime",
    "requested_checkpoint": "artifacts\\models\\model_comparison\\inceptiontime_best_model.pt",
    "runtime": "pytorch",
    "thresholds_loaded": false,
    "warnings": []
  },
  "note": "Metrics computed on configured MIT-BIH split.",
  "precision_macro": 0.04174172377861673,
  "real_mitbih": true,
  "recall_macro": 0.10898166281572622,
  "record_count": 48,
  "roc_auc_ovr_macro": 0.6316730465509297,
  "runtime": "pytorch",
  "sample_count": 11749,
  "sampling_rate": 360,
  "source": "mitbih",
  "split_strategy": "record_id",
  "warnings": [
    "Skipping MIT-BIH record(s) with missing WFDB files: 102-0.",
    "Model never predicts classes: N, A."
  ],
  "weighted_f1": 0.03705374075896412
}