epoch,train_loss,val_loss,val_accuracy,val_macro_f1,learning_rate
1,0.6920964372457321,0.95034641912503,0.38164251207729466,0.22878553201175822,0.0007
2,0.30374050929456575,1.0287996559782002,0.5990338164251208,0.26060008667845586,0.0007
3,0.17916392582480378,1.2024594706272673,0.6278286295448767,0.2673825600026496,0.0007
4,0.134893538243601,1.2830328071258343,0.6263666412407831,0.28551716747167233,0.0007
5,0.11101749981048217,1.27177255759629,0.6885964912280702,0.3735871749249643,0.0007
