{
  "accuracy": 0.4450591539705507,
  "anti_collapse_check": {
    "max_pred_class": "V",
    "max_pred_percentage": 56.48140267256788,
    "status": "warning",
    "unique_classes_predicted": 3,
    "warnings": [
      "Model never predicts classes: A, R."
    ]
  },
  "checkpoint": "artifacts/models/model_comparison/baseline_cnn_best_model.pt",
  "class_distribution": {
    "real_mitbih": true,
    "sampling_rate": 360,
    "source": "mitbih",
    "split_strategy": "record_id",
    "test": {
      "counts": {
        "A": 139,
        "L": 1457,
        "N": 7349,
        "R": 1910,
        "V": 894
      },
      "percentages": {
        "A": 1.1831,
        "L": 12.4011,
        "N": 62.55,
        "R": 16.2567,
        "V": 7.6092
      },
      "total": 11749
    },
    "train": {
      "counts": {
        "A": 300,
        "L": 300,
        "N": 300,
        "R": 300,
        "V": 300
      },
      "percentages": {
        "A": 20.0,
        "L": 20.0,
        "N": 20.0,
        "R": 20.0,
        "V": 20.0
      },
      "total": 1500
    },
    "validation": {
      "counts": {
        "A": 457,
        "L": 2123,
        "N": 10580,
        "R": 1530,
        "V": 1042
      },
      "percentages": {
        "A": 2.9049,
        "L": 13.4948,
        "N": 67.2515,
        "R": 9.7254,
        "V": 6.6234
      },
      "total": 15732
    },
    "warnings": []
  },
  "classification_report": {
    "A": {
      "f1-score": 0.0,
      "precision": 0.0,
      "recall": 0.0,
      "sensitivity": 0.0,
      "specificity": 1.0,
      "support": 139.0
    },
    "L": {
      "f1-score": 0.0,
      "precision": 0.0,
      "recall": 0.0,
      "sensitivity": 0.0,
      "specificity": 0.928682471822775,
      "support": 1457.0
    },
    "N": {
      "f1-score": 0.7397680763983628,
      "precision": 0.9906371317652432,
      "recall": 0.5902843924343448,
      "sensitivity": 0.5902843924343448,
      "specificity": 0.9906818181818182,
      "support": 7349.0
    },
    "R": {
      "f1-score": 0.0,
      "precision": 0.0,
      "recall": 0.0,
      "sensitivity": 0.0,
      "specificity": 1.0,
      "support": 1910.0
    },
    "V": {
      "f1-score": 0.23665338645418327,
      "precision": 0.13426763110307413,
      "recall": 0.9966442953020134,
      "sensitivity": 0.9966442953020134,
      "specificity": 0.4707508060801474,
      "support": 894.0
    },
    "accuracy": 0.4450591539705507,
    "macro avg": {
      "f1-score": 0.19528429257050922,
      "precision": 0.22498095257366346,
      "recall": 0.3173857375472716,
      "support": 11749.0
    },
    "weighted avg": {
      "f1-score": 0.48073229389238303,
      "precision": 0.6298602045747655,
      "recall": 0.4450591539705507,
      "support": 11749.0
    }
  },
  "disclaimer": "Research and education demo only. Not for clinical diagnosis, treatment, monitoring, or medical decision-making.",
  "low_confidence_summary": {
    "count": 11749,
    "percentage": 100.0,
    "threshold": 0.6
  },
  "macro_f1": 0.19528429257050922,
  "model_info": {
    "class_names": [
      "N",
      "V",
      "A",
      "L",
      "R"
    ],
    "disclaimer": "Research and education demo only. Not for clinical diagnosis, treatment, monitoring, or medical decision-making.",
    "fallback_used": false,
    "input_size": 360,
    "loaded_checkpoint": "artifacts\\models\\model_comparison\\baseline_cnn_best_model.pt",
    "model_hash": "fe71b12977a61173a2d01ecd052f08a25f5aca828f5f47ab25739b6b39777326",
    "model_type": "baseline_cnn",
    "requested_checkpoint": "artifacts\\models\\model_comparison\\baseline_cnn_best_model.pt",
    "runtime": "pytorch",
    "thresholds_loaded": false,
    "warnings": []
  },
  "note": "Metrics computed on configured MIT-BIH split.",
  "precision_macro": 0.22498095257366346,
  "real_mitbih": true,
  "recall_macro": 0.3173857375472716,
  "record_count": 48,
  "roc_auc_ovr_macro": 0.6536063048080498,
  "runtime": "pytorch",
  "sample_count": 11749,
  "sampling_rate": 360,
  "source": "mitbih",
  "split_strategy": "record_id",
  "warnings": [
    "Skipping MIT-BIH record(s) with missing WFDB files: 102-0.",
    "Model never predicts classes: A, R."
  ],
  "weighted_f1": 0.48073229389238303
}