epoch,train_loss,val_loss,val_accuracy,val_macro_f1,learning_rate
1,0.19890621834843727,0.9460349603066637,0.7379227053140096,0.42289296206783755,0.0007
2,0.06369853242483597,1.17565264164674,0.7402110348334605,0.4586862175205006,0.0007
3,0.041328211053270676,1.1604343362772038,0.623951182303585,0.345814801108831,0.0007
4,0.03419302742164504,0.9831365654413144,0.7451055174167303,0.44733447790236525,0.0007
5,0.03152610722290173,1.1771167019813564,0.7413551995931859,0.46915354212693694,0.0007
